<?xml version="1.0" encoding="UTF-8"?>
<project-private xmlns="http://www.netbeans.org/ns/project-private/1">
    <editor-bookmarks xmlns="http://www.netbeans.org/ns/editor-bookmarks/2" lastBookmarkId="0"/>
    <open-files xmlns="http://www.netbeans.org/ns/projectui-open-files/2">
        <group>
            <file>file:/C:/Users/haffs/OneDrive/Documents/NetBeansProjects/Curd%20application/src/java/Controllers/studentLogin.java</file>
            <file>file:/C:/Users/haffs/OneDrive/Documents/NetBeansProjects/Curd%20application/web/update.jsp</file>
            <file>file:/C:/Users/haffs/OneDrive/Documents/NetBeansProjects/Curd%20application/src/java/Controllers/viewStudentLogin.java</file>
            <file>file:/C:/Users/haffs/OneDrive/Documents/NetBeansProjects/Curd%20application/web/delete.jsp</file>
            <file>file:/C:/Users/haffs/OneDrive/Documents/NetBeansProjects/Curd%20application/src/java/Controllers/deleteStudentLogin.java</file>
            <file>file:/C:/Users/haffs/OneDrive/Documents/NetBeansProjects/Curd%20application/src/java/Controllers/updateStudentLogin.java</file>
            <file>file:/C:/Users/haffs/OneDrive/Documents/NetBeansProjects/Curd%20application/src/java/Models/dbConnection.java</file>
            <file>file:/C:/Users/haffs/OneDrive/Documents/NetBeansProjects/Curd%20application/web/view.jsp</file>
            <file>file:/C:/Users/haffs/OneDrive/Documents/NetBeansProjects/Curd%20application/web/index.jsp</file>
            <file>file:/C:/Users/haffs/OneDrive/Documents/NetBeansProjects/Curd%20application/web/insert.jsp</file>
        </group>
    </open-files>
</project-private>
