<?xml version="1.0" encoding="UTF-8"?>
<project-private xmlns="http://www.netbeans.org/ns/project-private/1">
    <editor-bookmarks xmlns="http://www.netbeans.org/ns/editor-bookmarks/2" lastBookmarkId="0"/>
    <open-files xmlns="http://www.netbeans.org/ns/projectui-open-files/2">
        <group>
            <file>file:/C:/Users/haffs/OneDrive/Documents/NetBeansProjects/registerAndLogin/web/index.html</file>
            <file>file:/C:/Users/haffs/OneDrive/Documents/NetBeansProjects/registerAndLogin/web/login.jsp</file>
            <file>file:/C:/Users/haffs/OneDrive/Documents/NetBeansProjects/registerAndLogin/src/java/controllers/register.java</file>
            <file>file:/C:/Users/haffs/OneDrive/Documents/NetBeansProjects/registerAndLogin/web/index.jsp</file>
            <file>file:/C:/Users/haffs/OneDrive/Documents/NetBeansProjects/registerAndLogin/src/java/models/dbConnection.java</file>
            <file>file:/C:/Users/haffs/OneDrive/Documents/NetBeansProjects/registerAndLogin/src/java/controllers/login.java</file>
        </group>
    </open-files>
</project-private>
